;Ambulatório;Cartório;Creche;Defensoria Pública;Entidade de Atendimento;Entidade de Atendimento;Entidade/Organização de Assistência Social;Escola;Hospital;Instituição de ensino;Instituição de saúde;Justiça da Inf. e Juventude;Ministério Público;Outro;Pessoa Física;Polícia Civil;Polícia Militar;Posto Saúde;Avós;Irmãos;Madastra;Mãe;Outro;Padrasto;Pai;Parentes de 3 grau ou mais;Parentes de segundo grau;Responsável;Tio/Tia;Ambulatório Particular;Assoc. Religiosa;Clubes;Creche;Empresa;Entidade de Atendimento;Escola Particular;Estabelecimento Comercial;Hospital Particular;Instituição de Ensino;Meios de Comunicação;Outro;Pessoa Fisica;Pessoa Física;Pessoa Jurídica;Adolescente;Cr./Ad. Viol. Seu Próprio Direito;Criança;Outro;Própria Criança;Próprio Adolescente;Total
AC;0;0;0;0;0;0;0;0;0;0;0;0;0;5;4;0;0;0;0;0;0;6;3;0;0;0;0;0;0;0;0;0;0;0;0;0;0;0;0;0;5;2;2;0;1;0;0;7;0;1;36
AL;0;0;0;1;0;0;1;1;1;2;0;0;1;5;17;0;0;0;2;0;1;14;8;0;2;0;0;2;0;0;0;0;0;0;0;0;0;0;0;1;2;17;9;0;7;2;9;4;0;7;116
AM;0;0;0;0;0;0;0;0;0;0;0;0;0;1;0;0;0;0;0;0;0;1;0;0;0;0;0;0;0;0;0;0;0;0;0;0;0;0;0;0;0;1;0;0;0;0;0;1;0;0;4
AP;0;0;0;0;0;0;0;0;0;0;0;0;0;0;2;1;0;0;0;0;0;3;0;0;0;0;0;0;0;0;0;0;0;0;0;0;0;0;0;0;0;0;3;0;2;0;0;1;0;0;12
BA;0;0;0;0;0;0;0;2;0;0;0;0;0;16;17;0;0;0;1;0;0;16;12;0;4;0;0;2;0;0;0;0;0;0;0;0;0;0;3;0;13;13;6;0;9;4;5;17;0;0;140
CE;0;0;0;1;0;1;2;1;0;1;4;0;0;32;49;0;0;0;0;1;0;42;25;0;10;0;0;11;2;0;0;0;0;0;0;0;0;0;3;0;17;48;23;0;20;1;12;48;5;5;364
DF;0;0;1;0;0;0;1;7;0;0;0;0;0;0;1;0;0;0;0;0;0;0;10;0;0;0;0;0;0;0;0;0;1;0;1;0;0;0;3;0;4;1;0;0;0;0;0;10;0;0;40
ES;0;0;0;0;0;0;0;0;0;0;0;0;0;0;0;0;0;0;0;0;0;0;0;0;0;0;0;0;0;0;0;0;0;0;0;0;0;0;0;0;0;0;0;0;0;0;0;0;0;0;0
GO;0;0;0;0;0;0;0;0;0;0;0;0;0;0;1;1;0;0;0;0;0;1;0;0;0;0;0;1;0;0;0;0;0;0;0;0;0;0;0;0;0;2;0;0;0;0;0;1;0;1;8
MA;0;0;0;1;3;4;1;3;0;0;1;0;2;36;90;0;0;1;7;0;0;74;32;6;17;0;2;3;1;0;0;0;0;0;2;0;0;0;3;1;26;71;38;1;27;0;26;79;5;5;568
MG;0;0;4;0;4;0;3;2;0;3;5;0;0;22;21;0;0;0;2;0;0;41;14;2;2;0;0;2;1;0;0;0;1;0;5;0;0;0;3;5;20;12;18;0;9;4;2;41;4;4;256
MS;0;0;0;0;2;3;1;5;0;4;0;0;0;36;33;0;0;3;5;0;0;41;26;3;10;0;1;0;1;0;0;0;1;0;2;0;1;1;4;0;21;27;29;1;9;2;20;50;4;2;348
MT;0;0;1;1;3;1;2;7;1;4;2;0;0;36;42;0;0;0;4;1;0;38;28;8;16;0;0;4;1;0;0;0;0;0;4;0;0;0;8;1;31;40;16;0;18;6;10;52;3;11;400
PA;0;0;0;0;0;0;0;1;0;0;0;0;0;4;21;0;0;0;0;0;0;9;8;1;7;1;0;0;0;0;0;0;0;0;0;0;0;0;0;0;3;18;5;0;1;0;6;18;1;0;104
PB;0;7;1;0;4;0;2;3;0;1;4;0;0;9;18;0;0;0;1;0;0;32;8;0;6;0;0;0;2;0;0;0;0;0;5;0;0;0;6;0;5;28;5;0;7;0;6;34;1;1;196
PE;0;0;1;6;3;2;18;12;2;4;7;0;0;49;74;0;0;13;10;1;0;124;21;3;28;2;0;2;0;0;0;0;0;0;0;0;0;0;5;1;60;101;24;0;23;1;26;128;3;10;764
PI;0;0;0;0;1;0;0;2;0;2;1;0;2;4;11;0;0;0;1;0;0;14;7;0;1;0;0;0;0;0;0;0;0;0;0;0;0;0;4;0;3;13;3;0;6;0;4;4;3;6;92
PR;0;1;4;0;1;0;17;16;1;27;25;1;1;66;68;0;0;6;3;5;0;102;39;9;29;0;0;45;2;0;0;0;3;0;7;0;0;1;19;3;65;96;40;0;49;15;37;75;19;39;936
RJ;0;0;0;0;0;0;0;0;0;0;0;0;0;0;0;0;0;0;0;0;0;0;0;0;0;0;0;0;0;0;0;0;0;0;0;0;0;0;0;0;0;0;0;0;0;0;0;0;0;0;0
RN;0;0;0;1;0;0;0;2;0;0;0;0;0;4;9;0;0;0;0;0;1;7;2;0;2;0;1;3;0;0;0;0;1;0;0;0;0;0;0;0;1;13;1;0;5;2;1;8;0;0;64
RO;0;0;0;0;0;0;0;0;0;0;0;0;0;2;1;0;0;0;0;0;0;2;1;0;0;0;0;0;0;0;0;0;0;0;0;0;0;0;1;0;1;1;0;0;0;0;0;2;0;1;12
RR;0;0;0;0;0;0;0;0;0;0;0;0;0;0;2;0;0;0;1;0;0;0;0;0;0;0;0;1;0;0;0;0;0;0;0;0;0;0;0;0;0;1;1;0;0;0;0;2;0;0;8
RS;0;0;0;0;0;0;0;0;0;1;0;0;0;0;3;0;0;0;0;0;0;1;3;0;0;0;0;0;0;0;0;0;0;0;0;0;0;0;1;0;1;0;2;0;1;0;0;3;0;0;16
SC;0;0;0;0;5;3;0;9;0;2;3;0;0;113;59;0;0;6;6;2;0;98;14;10;52;0;1;9;8;0;0;0;0;0;3;0;1;1;6;0;97;51;38;3;21;16;19;84;15;45;800
SE;0;0;0;0;0;0;0;0;0;0;0;0;0;1;0;0;0;0;0;0;0;0;0;0;1;0;0;0;0;0;0;0;0;0;0;0;0;0;0;0;0;1;0;0;0;0;0;0;0;1;4
SP;0;0;2;0;1;1;1;10;1;14;12;1;0;22;39;0;0;3;5;0;0;44;32;7;12;0;2;5;0;0;0;0;1;0;11;0;0;0;15;0;27;37;16;0;17;14;12;42;10;12;428
TO;0;0;0;0;0;1;0;1;0;0;3;0;0;2;12;0;0;0;0;0;0;10;2;2;3;0;1;1;0;0;0;0;0;0;3;0;0;0;1;0;3;9;1;2;1;0;7;10;1;0;76
Total;0;8;14;11;27;16;49;84;6;65;67;2;6;465;594;2;0;32;48;10;2;720;295;51;202;3;8;91;18;0;0;0;8;0;43;0;2;3;85;12;405;603;280;7;233;67;202;721;74;151;5792
