;Masculino;Feminino;Não Informado;Total
AC;66;103;0;169
AL;1155;1596;8;2759
AM;464;653;1;1118
AP;27;54;0;81
BA;1526;2076;14;3616
CE;4114;4708;6;8828
DF;9;10;0;19
ES;52;64;0;116
GO;148;203;2;353
MA;1574;2265;12;3851
MG;2981;3192;8;6181
MS;2894;3479;9;6382
MT;4151;4814;16;8981
PA;883;1091;4;1978
PB;1668;1635;0;3303
PE;6858;6348;14;13220
PI;671;815;0;1486
PR;12870;13967;44;26881
RJ;521;457;0;978
RN;699;762;0;1461
RO;370;418;0;788
RR;104;175;0;279
RS;1087;1121;0;2208
SC;10135;10789;48;20972
SE;147;139;0;286
SP;6462;6842;44;13348
TO;656;792;1;1449
Total;62292;68568;231;131091
