;Feminino;Masculino;Não Informado;Total
AC;55;24;1;80
AL;160;146;0;306
AM;49;26;1;76
AP;4;0;0;4
BA;281;200;4;485
CE;439;409;2;850
DF;3;2;0;5
ES;12;1;0;13
GO;39;34;0;73
MA;229;171;2;402
MG;578;633;2;1213
MS;521;437;10;968
MT;908;755;6;1669
PA;202;144;0;346
PB;162;171;0;333
PE;372;346;1;719
PI;62;42;1;105
PR;2519;2320;63;4902
RJ;121;86;0;207
RN;79;48;0;127
RO;70;77;2;149
RR;26;25;0;51
RS;157;143;0;300
SC;1972;1913;24;3909
SE;12;19;0;31
SP;1376;1224;49;2649
TO;178;170;1;349
Total;10586;9566;169;20321
