UF;Ambulatório;Cartório;Creche;Defensoria Pública;Entidade de Atendimento;Entidade de Atendimento;Entidade/Organização de Assistência Social;Escola;Hospital;Instituição de ensino;Instituição de saúde;Justiça da Inf. e Juventude;Ministério Público;Outro;Pessoa Física;Polícia Civil;Polícia Militar;Posto Saúde;Avós;Irmãos;Madrasta;Mãe;Outro;Padrasto;Pai;Parentes de 3 grau ou mais;Parentes de segundo grau;Responsável;Tio/Tia;Ambulatório Particular;Assoc. Religiosa;Clubes;Creche;Empresa;Entidade de Atendimento;Escola Particular;Estabelecimento Comercial;Hospital Particular;Instituição de Ensino;Meios de Comunicação;Outro;Pessoa Fisica;Pessoa Física;Pessoa Jurídica;Adolescente;Cr./Ad. Viol. Seu Próprio Direito;Criança;Outro;Própria Criança;Próprio Adolescente;Total
AC;0;0;0;0;0;0;0;0;0;0;0;0;0;0;4;0;0;0;0;0;0;1;1;1;1;0;0;0;0;0;0;0;0;0;0;0;0;0;0;0;3;1;0;0;0;1;0;3;0;0;16
AL;0;0;0;0;0;0;0;0;0;1;0;0;0;2;4;0;0;0;1;0;0;4;2;0;2;0;0;0;0;0;0;0;0;0;0;0;0;0;0;1;1;3;2;0;2;0;1;4;0;0;30
AM;0;0;0;0;0;0;0;0;0;0;0;0;0;3;2;0;0;0;0;0;0;1;3;0;0;0;0;0;1;0;0;0;0;0;0;0;0;0;0;0;4;1;0;0;0;0;0;4;0;1;20
AP;0;0;0;0;0;0;0;0;0;0;0;0;0;0;0;0;0;0;0;0;0;0;0;0;0;0;0;0;0;0;0;0;0;0;0;0;0;0;0;0;0;0;0;0;0;0;0;0;0;0;0
BA;0;0;0;0;0;0;1;1;0;1;0;0;0;7;10;0;0;0;1;0;0;11;2;0;6;0;0;0;0;0;0;0;0;0;0;0;0;0;1;1;8;3;7;0;3;0;2;7;4;4;80
CE;0;0;0;0;1;3;0;2;0;2;1;0;0;13;12;1;0;0;1;0;0;16;11;0;4;0;0;2;0;0;0;0;0;0;3;0;0;0;2;0;12;12;4;0;6;1;2;19;1;4;135
DF;0;0;0;0;0;0;0;0;0;0;0;0;0;0;0;0;0;0;0;0;0;0;0;0;0;0;0;0;0;0;0;0;0;0;0;0;0;0;0;0;0;0;0;0;0;0;0;0;0;0;0
ES;0;0;0;0;0;0;0;0;0;1;0;0;0;2;7;0;0;0;0;0;0;4;4;0;2;0;0;0;0;0;0;0;0;0;0;0;0;0;1;0;1;4;4;0;0;0;1;9;0;0;40
GO;0;0;2;0;0;0;0;2;0;4;0;0;0;10;8;0;0;0;3;0;0;10;13;0;5;0;0;0;0;0;0;0;1;0;0;0;0;0;2;0;12;4;6;0;5;0;0;15;4;1;107
MA;0;0;0;0;1;2;0;0;0;1;0;0;0;11;23;0;0;0;2;0;0;18;13;2;2;0;1;1;1;0;0;0;0;0;1;0;0;0;0;0;10;24;2;0;3;1;4;27;1;1;152
MG;0;0;0;0;0;1;0;3;0;3;0;0;1;95;19;0;0;0;3;1;0;25;80;7;8;0;0;1;0;0;0;0;0;0;0;0;0;0;6;0;92;13;11;0;7;0;7;101;1;7;492
MS;0;0;0;0;0;1;0;5;1;1;1;0;0;10;24;0;0;0;1;3;0;18;16;1;9;0;0;4;1;0;0;0;0;0;2;0;0;0;4;0;12;19;6;0;5;4;5;24;3;3;183
MT;0;0;0;0;0;0;0;1;0;1;1;0;0;13;26;0;1;0;0;0;0;16;13;5;6;2;0;3;2;0;0;0;0;0;0;0;0;0;1;1;13;8;20;0;0;0;2;36;1;5;177
PA;0;0;0;0;0;0;0;1;0;1;0;0;0;14;17;0;0;0;4;2;0;10;13;1;2;1;0;1;0;0;0;0;0;0;0;0;0;0;0;0;15;13;6;0;2;0;4;22;2;3;134
PB;0;0;0;0;0;0;0;0;0;0;0;0;0;3;7;0;0;0;0;0;0;7;2;0;0;0;0;1;0;0;0;0;0;0;0;0;0;0;0;0;1;7;2;0;2;0;1;2;3;2;40
PE;0;0;1;0;1;4;1;4;0;3;1;0;0;19;31;0;0;2;3;0;0;23;32;0;7;0;1;2;0;0;0;0;0;0;4;0;0;0;6;0;16;23;15;1;12;1;6;39;4;3;265
PI;0;0;0;0;0;0;0;0;0;1;0;0;0;0;4;0;0;0;1;0;0;1;3;0;0;0;0;0;0;0;0;0;0;0;0;0;0;0;0;1;2;2;0;0;3;0;0;1;1;0;20
PR;0;0;5;0;6;2;0;8;0;10;3;0;2;37;57;2;0;1;7;2;0;54;43;7;23;0;0;4;3;0;0;0;5;0;3;0;0;0;13;0;37;37;30;0;31;0;10;71;7;6;526
RJ;0;0;1;0;0;1;0;1;0;2;1;0;0;6;6;0;0;0;0;1;0;6;8;1;0;0;0;2;1;0;0;0;2;0;0;0;0;0;2;0;7;4;3;0;4;0;3;11;0;1;74
RN;0;0;0;1;0;0;0;0;0;0;0;0;0;2;9;0;0;0;0;0;0;9;2;1;0;0;0;0;0;0;0;0;0;0;0;0;0;0;0;0;0;8;4;0;4;0;0;6;2;0;48
RO;0;0;1;0;0;0;0;4;0;0;0;0;0;2;9;0;0;0;1;0;1;1;5;1;0;0;0;5;0;0;0;0;0;0;0;0;0;0;2;0;2;5;5;0;2;0;1;9;0;2;58
RR;0;0;0;0;0;0;0;0;0;0;0;0;0;1;1;0;0;0;0;0;0;1;1;0;0;0;0;0;0;0;0;0;0;0;0;0;0;0;0;0;2;0;0;0;0;0;1;1;0;0;8
RS;0;0;0;0;0;0;0;1;0;0;0;0;0;34;1;0;0;1;0;0;0;14;18;0;11;0;0;0;0;0;0;0;0;0;0;0;0;0;0;0;37;0;0;0;0;1;0;35;1;0;154
SC;0;1;0;2;0;0;1;4;0;4;1;0;0;89;36;0;0;0;1;0;0;64;37;7;39;0;0;11;1;0;0;0;2;0;1;0;0;0;7;0;67;39;18;0;23;3;7;84;7;12;568
SE;0;0;0;0;0;0;0;0;0;0;0;0;0;3;3;0;0;0;0;0;0;5;0;0;2;0;0;0;0;0;0;0;0;0;0;0;0;0;1;1;0;3;1;0;1;0;2;1;1;1;25
SP;0;0;12;1;2;0;1;41;1;21;2;1;1;79;62;0;0;6;14;9;1;90;95;4;22;0;0;5;7;0;0;0;2;0;1;0;2;0;26;1;82;73;31;0;15;3;10;177;8;6;914
TO;0;0;0;0;0;0;0;0;0;0;1;0;0;3;7;0;0;0;1;0;0;4;3;0;1;0;0;0;1;0;0;0;0;0;0;0;0;0;0;1;1;4;4;0;1;2;1;4;1;1;41
Total;0;1;22;4;11;14;4;78;2;57;12;1;4;458;389;3;1;10;44;18;2;413;420;38;152;3;2;42;18;0;0;0;12;0;15;0;2;0;74;7;437;310;181;1;131;17;70;712;52;63;4.307
