UF;Amarela;Indígena;Branca;Parda;Preta;Não Informado;Total
AC;1;8;13;18;4;10;54
AL;0;0;49;124;18;42;233
AM;0;9;4;113;4;15;145
AP;0;0;1;4;0;2;7
BA;1;1;32;127;29;64;254
CE;6;1;79;397;29;189;701
DF;0;0;1;8;0;0;9
ES;0;0;0;3;0;0;3
GO;0;0;52;285;5;51;393
MA;1;0;47;168;28;53;297
MG;0;0;225;350;84;442;1.101
MS;2;9;94;238;8;256;607
MT;7;4;130;374;36;337;888
PA;1;0;36;311;22;51;421
PB;1;1;123;340;23;50;538
PE;5;0;157;679;71;495;1.407
PI;2;0;10;39;3;46;100
PR;11;1;1.545;692;109;1.586;3.944
RJ;0;0;68;113;40;68;289
RN;0;1;26;47;5;55;134
RO;1;1;24;63;7;26;122
RR;0;0;10;103;3;39;155
RS;2;1;216;52;13;239;523
SC;12;7;1.076;277;82;1.286;2.740
SE;0;0;5;34;3;3;45
SP;8;2;819;883;183;1.230;3.125
TO;2;1;22;124;24;102;275
Total;63;47;4.864;5.966;833;6.737;18.510
