UF;Convivência Familiar e Comunitária;Direito à Vida e à Saúde;Direitos Indígenas;Educação, Cultura, Esporte e Lazer;Liberdade, Respeito e Dignidade;Profissionalização e Proteção no Trabalho;Total
AC;25;4;0;7;19;0;55
AL;132;15;0;29;70;2;248
AM;90;9;0;9;41;0;149
AP;18;0;0;3;6;0;27
BA;131;24;0;22;99;0;276
CE;282;82;0;129;170;8;671
DF;0;1;0;10;0;0;11
ES;6;1;0;1;6;0;14
GO;63;22;0;188;28;0;301
MA;155;30;0;51;89;1;326
MG;448;174;0;378;210;4;1.214
MS;293;70;0;152;155;4;674
MT;408;130;0;286;242;11;1.077
PA;283;30;0;56;153;2;524
PB;127;45;0;182;75;8;437
PE;326;132;0;512;123;1;1.094
PI;37;19;0;17;26;1;100
PR;1.638;462;1;1.345;748;26;4.220
RJ;105;44;0;123;88;0;360
RN;86;14;0;23;23;0;146
RO;67;11;0;82;27;1;188
RR;23;5;0;58;23;1;110
RS;216;68;0;104;125;1;514
SC;1.480;320;0;797;678;16;3.291
SE;30;8;0;10;19;1;68
SP;989;381;0;1.248;526;13;3.157
TO;90;40;0;113;79;5;327
Total;7.548;2.141;1;5.935;3.848;106;19.579
