UF;Convivência Familiar e Comunitária;Direito à Vida e à Saúde;Direitos Indígenas;Educação, Cultura, Esporte e Lazer;Liberdade, Respeito e Dignidade;Não se aplica;Profissionalização e Proteção no Trabalho;Total
AC;19;6;0;4;30;0;0;59
AL;134;19;0;40;68;0;1;262
AM;87;14;0;16;60;0;0;177
AP;13;2;0;3;9;0;0;27
BA;195;37;0;45;142;0;2;421
CE;310;78;0;167;218;0;4;777
DF;8;4;0;4;1;0;0;17
ES;2;0;0;0;7;0;0;9
GO;101;26;0;141;53;0;1;322
MA;147;28;0;47;149;0;3;374
MG;468;157;0;351;264;0;7;1247
MS;405;94;0;228;184;0;2;913
MT;437;106;0;353;297;0;5;1198
PA;278;45;0;76;206;0;6;611
PB;144;43;0;144;66;0;0;397
PE;324;118;0;307;166;0;4;919
PI;60;18;0;17;48;0;0;143
PR;1952;482;0;1470;840;0;25;4769
RJ;114;38;0;82;87;0;2;323
RN;93;20;0;21;30;0;3;167
RO;106;26;0;136;82;0;0;350
RR;31;3;0;27;33;0;1;95
RS;267;76;0;100;157;0;0;600
SC;1688;371;0;1119;687;0;13;3878
SE;40;13;0;31;25;0;0;109
SP;1046;408;0;1034;586;0;4;3078
TO;119;43;0;111;85;0;3;361
Total;8588;2275;0;6074;4580;0;86;21603
