UF;0;1;2;3;4;5;6;7;8;9;10;11;12;13;14;15;16;17;Total
AC;5;1;2;2;3;1;0;1;4;1;5;2;0;7;8;3;4;4;53
AL;12;6;8;19;17;8;15;5;13;14;14;18;20;16;22;22;16;10;255
AM;8;4;8;5;5;9;8;15;12;6;11;11;12;14;10;20;5;11;174
AP;0;2;1;0;1;0;1;1;0;0;1;5;0;0;1;0;1;0;14
BA;20;11;12;15;19;7;16;12;24;8;22;15;21;19;20;13;26;11;291
CE;43;31;47;29;31;32;37;42;33;32;38;36;47;50;59;102;63;45;797
DF;3;0;0;0;1;0;1;0;0;0;0;0;0;0;0;0;0;0;5
ES;0;0;0;0;3;0;0;0;2;0;1;0;0;1;0;1;0;1;9
GO;15;28;25;24;48;54;39;45;42;33;32;55;48;43;44;49;19;12;655
MA;21;15;24;19;25;26;30;25;27;17;30;55;44;35;32;33;49;26;533
MG;49;38;50;54;56;66;60;49;38;39;54;60;44;53;54;39;46;31;880
MS;34;30;20;31;22;21;26;33;36;36;28;40;32;50;62;48;28;21;598
MT;29;31;42;34;41;45;42;34;32;26;41;46;35;46;44;46;40;21;675
PA;12;17;25;31;28;31;23;32;27;26;21;23;32;42;30;39;26;11;476
PB;14;16;18;20;20;17;26;23;26;31;28;19;26;24;27;32;22;14;403
PE;94;113;128;118;117;121;117;115;84;78;121;236;148;94;122;119;59;34;2.018
PI;8;4;4;3;9;6;11;4;5;7;13;8;10;11;8;13;7;7;138
PR;231;148;163;124;153;141;151;141;130;109;118;166;185;200;201;184;169;105;2.819
RJ;7;5;6;7;9;6;4;14;8;11;15;22;14;25;22;27;26;6;234
RN;8;8;12;8;8;6;5;8;7;9;10;7;12;10;9;6;11;6;150
RO;3;1;4;0;8;5;8;12;3;5;6;11;7;6;9;7;4;4;103
RR;1;0;5;10;1;3;3;4;3;1;2;5;12;6;8;5;2;6;77
RS;34;11;28;26;24;18;24;23;30;37;43;28;36;37;40;29;35;24;527
SC;160;108;107;103;125;114;93;92;103;84;100;105;109;118;149;140;129;71;2.010
SE;4;4;5;2;2;1;4;4;2;1;1;3;4;5;5;6;2;1;56
SP;167;120;88;125;136;147;249;144;148;131;170;209;126;179;131;192;145;78;2.685
TO;13;16;25;23;24;17;18;20;15;18;27;19;10;17;12;21;7;15;317
Total;995;768;857;832;936;902;1.011;898;854;760;952;1.204;1.034;1.108;1.129;1.196;941;575;16.952
