UF;Trans Masculino;Feminino;Masculino;Trans Feminino;Não Informado;Total
AC;0;35;20;0;0;55
AL;1;119;124;0;4;248
AM;1;84;64;0;0;149
AP;0;15;12;0;0;27
BA;0;165;109;0;2;276
CE;0;327;342;0;2;671
DF;0;4;7;0;0;11
ES;0;13;1;0;0;14
GO;0;158;140;0;3;301
MA;0;203;123;0;0;326
MG;1;605;577;1;30;1.214
MS;1;370;297;1;5;674
MT;0;582;487;0;8;1.077
PA;1;294;228;0;1;524
PB;0;214;221;0;2;437
PE;1;528;557;2;6;1.094
PI;0;53;45;0;2;100
PR;1;2.207;1.975;1;36;4.220
RJ;0;191;169;0;0;360
RN;0;74;72;0;0;146
RO;0;84;103;0;1;188
RR;1;53;56;0;0;110
RS;0;264;243;0;6;513
SC;1;1.667;1.592;3;28;3.291
SE;0;33;35;0;0;68
SP;0;1.582;1.541;2;32;3.157
TO;0;168;151;2;6;327
Total;9;10.092;9.291;12;174;19.578
