;Ambulatório;Cartório;Creche;Defensoria Pública;Entidade de Atendimento;Entidade de Atendimento;Entidade/Organização de Assistência Social;Escola;Hospital;Instituição de ensino;Instituição de saúde;Justiça da Inf. e Juventude;Ministério Público;Outro;Pessoa Física;Polícia Civil;Polícia Militar;Posto Saúde;Avós;Irmãos;Madrasta;Mãe;Outro;Padrasto;Pai;Parentes de 3 grau ou mais;Parentes de segundo grau;Responsável;Tio/Tia;Ambulatório Particular;Assoc. Religiosa;Clubes;Creche;Empresa;Entidade de Atendimento;Escola Particular;Estabelecimento Comercial;Hospital Particular;Instituição de Ensino;Meios de Comunicação;Outro;Pessoa Fisica;Pessoa Física;Pessoa Jurídica;Adolescente;Cr./Ad. Viol. Seu Próprio Direito;Criança;Outro;Própria Criança;Próprio Adolescente;Total
AC;0;0;0;0;0;0;0;0;0;0;0;0;0;0;0;0;0;0;0;0;0;0;0;0;0;0;0;0;0;0;0;0;0;0;0;0;0;0;0;0;0;0;0;0;0;0;0;0;0;0;0
AL;0;1;0;3;0;0;4;0;0;0;2;0;6;0;0;1;0;0;1;0;0;7;0;0;7;0;0;0;2;0;0;0;0;0;0;0;0;0;0;0;0;17;0;0;3;0;11;0;3;0;68
AM;0;0;0;3;1;0;2;0;0;3;3;0;2;0;0;0;0;0;1;0;0;10;0;0;3;0;0;0;0;0;0;0;0;0;0;0;0;0;0;0;0;13;0;1;5;0;8;0;1;0;56
AP;0;0;0;0;0;0;0;0;0;0;0;0;0;0;0;0;0;0;0;0;0;0;0;0;0;0;0;0;0;0;0;0;0;0;0;0;0;0;0;0;0;0;0;0;0;0;0;0;0;0;0
BA;0;1;0;1;17;0;2;0;0;10;7;0;8;0;0;3;1;0;3;0;1;31;0;0;6;1;0;6;2;0;0;0;0;0;0;0;2;0;16;1;0;31;0;0;15;0;24;0;3;8;200
CE;0;4;0;4;120;0;80;0;0;96;50;0;13;0;1;1;0;0;20;2;0;222;0;4;39;4;1;70;7;0;0;5;0;0;0;0;2;0;76;9;0;260;1;16;138;0;186;1;15;29;1476
DF;0;0;0;2;1;0;0;0;0;3;0;0;0;0;0;0;0;0;1;0;4;0;0;1;0;0;0;0;0;0;0;0;0;0;0;0;1;0;1;0;0;4;0;0;1;0;2;0;2;1;24
ES;0;0;0;3;5;0;3;0;0;7;2;0;1;0;0;1;0;0;0;0;0;15;0;0;1;1;0;1;4;0;0;0;0;0;0;0;0;0;0;0;0;22;0;0;7;0;14;0;0;1;88
GO;0;0;0;0;10;0;16;0;0;2;7;0;0;0;0;4;0;0;2;0;0;13;0;4;5;0;2;13;0;0;0;0;0;0;0;0;0;0;2;1;0;36;0;0;11;0;22;0;2;4;156
MA;0;2;0;8;2;0;8;0;0;5;13;1;15;0;0;14;10;0;2;0;2;50;0;0;13;3;3;1;4;0;0;0;0;0;0;0;0;0;0;3;0;73;0;2;26;0;44;0;4;4;312
MG;0;1;0;0;15;0;4;0;0;22;5;0;2;1;0;0;0;0;4;0;0;29;0;0;14;0;1;1;1;0;0;0;0;0;0;0;0;0;17;0;0;33;0;0;15;0;28;0;2;5;200
MS;0;2;0;0;15;0;11;0;0;6;6;0;6;0;0;0;0;0;5;1;0;33;0;0;4;0;0;2;1;0;0;0;0;0;0;0;6;0;7;0;0;32;0;1;9;0;19;0;7;11;184
MT;0;0;0;12;82;0;113;0;0;139;54;37;123;0;0;13;9;0;38;3;8;344;0;28;98;3;6;36;18;0;0;1;0;0;0;0;4;0;81;18;0;475;0;3;227;0;286;0;28;41;2328
PA;0;0;0;3;3;0;8;0;0;2;2;0;2;0;0;2;0;0;2;0;0;10;0;1;6;0;0;3;0;0;0;0;0;0;0;0;0;0;2;0;0;20;0;0;4;0;14;0;4;0;88
PB;0;60;0;4;13;0;7;0;0;15;14;1;3;0;1;1;0;0;7;0;0;73;0;2;21;0;1;8;7;0;0;0;0;0;0;0;0;0;9;1;0;106;0;3;28;0;80;1;8;2;476
PE;0;5;0;52;87;0;80;0;0;93;89;28;29;0;0;8;6;0;48;7;6;268;0;7;106;6;2;15;12;0;0;7;0;0;0;0;2;0;76;0;0;388;0;4;189;0;265;0;0;23;1908
PI;0;0;0;5;37;0;9;0;0;19;5;2;52;2;0;5;3;0;5;2;0;91;0;3;25;3;0;9;1;0;0;0;0;0;0;0;3;0;13;2;4;116;0;1;42;0;58;0;21;18;556
PR;0;1;0;19;306;0;455;0;0;326;447;17;103;1;0;27;1;0;52;28;7;1256;0;38;254;17;3;26;22;0;0;0;0;0;0;0;5;0;90;11;1;1594;0;2;551;0;1033;1;37;81;6812
RJ;0;0;0;0;0;0;0;0;0;0;0;0;0;0;0;0;0;0;0;0;0;0;0;0;0;0;0;0;0;0;0;0;0;0;0;0;0;0;0;0;0;0;0;0;0;0;0;0;0;0;0
RN;0;0;0;0;7;0;3;0;0;4;2;0;1;0;0;2;0;0;0;0;0;14;0;0;3;1;0;1;0;0;0;0;0;0;0;0;0;0;3;0;0;16;0;0;7;0;9;0;3;0;76
RO;0;1;0;0;7;0;1;0;0;2;2;0;0;0;0;0;0;0;2;0;0;9;0;0;1;0;0;1;0;0;0;0;0;0;0;0;0;0;2;0;0;11;0;0;6;0;6;0;1;0;52
RR;0;0;0;0;2;0;0;0;0;3;0;1;0;0;0;0;0;0;0;1;0;4;0;0;0;0;0;1;0;0;0;1;0;0;0;0;0;0;1;0;0;4;0;0;1;0;1;0;3;1;24
RS;0;0;0;2;4;0;9;0;0;6;4;0;1;0;1;1;0;0;2;1;0;12;0;1;4;0;0;7;1;0;0;0;0;0;0;0;0;0;3;2;1;21;0;1;13;0;11;0;1;3;112
SC;0;0;0;0;80;0;16;0;0;129;30;1;5;0;2;0;2;0;6;12;7;129;0;8;81;4;2;14;2;0;1;0;0;0;0;0;1;0;145;2;0;110;0;6;61;0;86;2;46;70;1060
SE;0;0;0;0;0;0;0;0;0;0;7;0;0;0;0;0;0;0;0;0;0;6;0;0;0;0;0;1;0;0;0;0;0;0;0;0;0;0;0;0;0;7;0;0;2;0;4;0;0;1;28
SP;0;0;0;4;19;0;8;0;0;23;31;9;6;0;0;1;1;0;3;1;0;65;0;3;18;0;2;3;7;0;0;0;0;0;0;0;0;0;12;0;0;87;0;3;37;0;51;0;7;7;408
TO;0;0;0;1;0;0;5;0;0;1;0;0;1;0;0;1;1;0;0;0;0;4;0;1;0;5;0;0;0;0;0;0;0;0;0;0;0;0;1;0;0;9;0;0;1;0;9;0;0;0;40
Total;0;78;0;126;833;0;844;0;0;916;782;97;379;4;5;85;34;0;204;58;35;2695;0;101;709;48;23;219;91;0;1;14;0;0;0;0;26;0;557;50;6;3485;1;43;1399;0;2271;5;198;310;16732
