;Amarela;Indígena;Branca;Parda;Preta;Não Informado;Total
AC;1;2;6;59;13;15;96
AL;76;13;775;3043;355;829;5091
AM;3;29;49;502;17;259;859
AP;1;0;8;62;1;0;72
BA;42;34;615;2595;721;1859;5866
CE;87;49;1716;10086;471;1833;14242
DF;3;0;55;76;8;48;190
ES;0;0;36;95;36;0;167
GO;17;6;124;353;26;576;1102
MA;25;5;221;1318;247;723;2539
MG;54;34;1851;4014;968;6053;12974
MS;87;179;2347;4420;305;4506;11844
MT;248;73;2511;7267;868;6174;17141
PA;9;15;451;1688;206;273;2642
PB;15;10;1205;2907;315;654;5106
PE;73;47;2206;7297;917;4001;14541
PI;31;0;191;1008;132;167;1529
PR;376;129;28985;10912;1458;9282;51142
RJ;4;2;262;217;159;457;1101
RN;21;4;477;883;94;583;2062
RO;20;6;294;959;47;592;1918
RR;0;35;19;86;8;227;375
RS;10;16;3830;884;262;1157;6159
SC;174;90;15268;4160;876;12883;33451
SE;1;0;162;590;133;78;964
SP;48;44;6753;5000;1407;9186;22438
TO;21;4;131;544;121;314;1135
Total;1447;826;70548;71025;10171;62729;216746
