;Convivência Familiar e Comunitária;Direito à Vida e à Saúde;Direitos Indígenas;Educação, Cultura, Esporte e Lazer;Liberdade, Respeito e Dignidade;Não se aplica;Profissionalização e Proteção no Trabalho;Total
AC;41;4;0;3;48;0;0;96
AL;2626;379;0;427;1647;0;12;5091
AM;416;75;0;124;243;0;1;859
AP;45;3;0;4;20;0;0;72
BA;2637;576;0;422;2210;0;21;5866
CE;6360;1336;0;2879;3520;0;147;14242
DF;11;8;0;155;16;0;0;190
ES;52;20;0;16;79;0;0;167
GO;165;44;0;761;130;0;2;1102
MA;1340;108;0;196;879;0;16;2539
MG;5510;1595;0;2819;2932;0;118;12974
MS;6210;923;1;1566;3101;0;43;11844
MT;6779;1798;0;4300;4212;0;52;17141
PA;1250;212;0;314;853;0;13;2642
PB;1733;496;0;1995;854;0;28;5106
PE;3992;1869;1;6708;1907;0;64;14541
PI;724;158;0;119;522;0;6;1529
PR;26233;4119;1;11689;8744;0;356;51142
RJ;459;130;0;195;315;0;2;1101
RN;970;183;0;296;611;0;2;2062
RO;910;117;0;443;444;0;4;1918
RR;192;10;0;47;126;0;0;375
RS;3112;519;0;723;1781;0;24;6159
SC;16820;2805;1;6997;6700;0;128;33451
SE;380;115;0;208;258;0;3;964
SP;10099;1991;0;6323;3877;0;148;22438
TO;368;108;0;262;396;0;1;1135
Total;99434;19701;4;49991;46425;0;1191;216746
